<?xml version="1.0" encoding="UTF-8"?>
<beans xmlns="http://www.springframework.org/schema/beans"
	xmlns:xsi="http://www.w3.org/2001/XMLSchema-instance"
	xsi:schemaLocation="http://www.springframework.org/schema/beans
        https://www.springframework.org/schema/beans/spring-beans.xsd">
       
       
    <bean id="dateFormat" class="java.text.SimpleDateFormat"> 
        <constructor-arg value="dd/MM/yyyy" /> 
    </bean> 
    
    <bean id="emp1" class="com.cognizant.springlearn.Employee" scope="prototype">
    	<property name="id" value="10"></property>
    	<property name="name" value="Abhinaba"></property>
    	<property name="salary" value="20000"></property>
    	<property name="permanent" value="Full-Time"></property>
    	<property name="dateOfBirth">
			<bean factory-bean="dateFormat" factory-method="parse">
				<constructor-arg value="09/06/1998"/>		
			</bean>
		</property>
    	<property name="department" ref="dept1"></property>
    	<property name="skill" ref="skill1"></property>
    </bean>
    
    <bean id="emp2" class="com.cognizant.springlearn.Employee" scope="prototype">
    	<property name="id" value="20"></property>
    	<property name="name" value="Ayan"></property>
    	<property name="salary" value="22000"></property>
    	<property name="permanent" value="Part-Time"></property>
    	<property name="dateOfBirth">
			<bean factory-bean="dateFormat" factory-method="parse">
				<constructor-arg value="21/08/1997"/>		
			</bean>
		</property>
    	<property name="department" ref="dept2"></property>
    	<property name="skill" ref="skill1"></property>
    </bean>
    
    
    <bean id="emp3" class="com.cognizant.springlearn.Employee" scope="prototype">
    	<property name="id" value="30"></property>
    	<property name="name" value="Saket"></property>
    	<property name="salary" value="20000"></property>
    	<property name="permanent" value="Full-Time"></property>
    	<property name="dateOfBirth">
			<bean factory-bean="dateFormat" factory-method="parse">
				<constructor-arg value="23/05/1998"/>		
			</bean>
		</property>
    	<property name="department" ref="dept1"></property>
    	<property name="skill" ref="skill2"></property>
    </bean>
    
    <bean id="emp4" class="com.cognizant.springlearn.Employee" scope="prototype">
    	<property name="id" value="40"></property>
    	<property name="name" value="Jyoti"></property>
    	<property name="salary" value="21000"></property>
    	<property name="permanent" value="Full-Time"></property>
    	<property name="dateOfBirth">
			<bean factory-bean="dateFormat" factory-method="parse">
				<constructor-arg value="25/07/1997"/>		
			</bean>
		</property>
    	<property name="department" ref="dept2"></property>
    	<property name="skill" ref="skill2"></property>
    </bean>
    
    <bean id="dept1" class="com.cognizant.springlearn.Department" scope="prototype">
    	<property name="id" value="1"></property>
    	<property name="name" value="CSE"></property>
    </bean>
    
     <bean id="dept2" class="com.cognizant.springlearn.Department" scope="prototype">
    	<property name="id" value="2"></property>
    	<property name="name" value="ECE"></property>
    </bean>
    
    <bean id="skill1" class="com.cognizant.springlearn.Skill" scope="prototype">
    	<property name="id" value="1"></property>
    	<property name="name" value="JAVA"></property>
    </bean>
    
    <bean id="skill2" class="com.cognizant.springlearn.Skill" scope="prototype">
    	<property name="id" value="2"></property>
    	<property name="name" value="PYTHON"></property>
    </bean>

    
    
    
    <bean id="departmentList" class="java.util.ArrayList"> 
		<constructor-arg> 
			<list> 
				<ref bean="dept1"></ref> 
				<ref bean="dept2"></ref> 
			</list> 
		</constructor-arg> 
	</bean>
	
	 
	
	<bean id="employeeList" class="java.util.ArrayList"> 
		<constructor-arg> 
			<list> 
				<ref bean="emp1"></ref> 
				<ref bean="emp2"></ref> 
				<ref bean="emp3"></ref> 
				<ref bean="emp4"></ref> 
			</list> 
		</constructor-arg> 
	</bean>  
	 
</beans>